{
    "avg_prec": 0.9794110986127631,
    "roc_auc": 0.9818441452468379
}