{
    "avg_prec": 0.9920991426816982,
    "roc_auc": 0.9877645502645502
}