{
    "avg_prec": 0.991857336713489,
    "roc_auc": 0.9871031746031745
}